ρ,position,consensus_residue,binder_input_freq,generated_freq,transfer_ratio
1.0,21,N,0.46875,0.5666666666666667,0.0
1.0,22,P,0.1875,0.25053763440860216,0.0
1.0,23,E,0.15625,0.10967741935483871,0.1569032258064517
1.0,24,T,0.46875,0.4946236559139785,1.3047127952991966
1.0,25,K,0.5625,0.23870967741935484,0.14944631680308135
1.0,26,Q,0.1875,0.17849462365591398,0.6520849724626278
1.0,27,C,1.0,1.0,0.0
1.0,28,E,0.21875,0.32903225806451614,0.0
1.0,29,R,0.1875,0.15806451612903225,0.361290322580645
10.0,21,N,0.46875,0.5817204301075268,0.0
10.0,22,P,0.1875,0.26021505376344084,0.0
10.0,23,E,0.15625,0.12688172043010754,0.4683502304147467
10.0,24,T,0.46875,0.5559139784946237,2.0
10.0,25,K,0.5625,0.2978494623655914,0.30479858770662815
10.0,26,Q,0.1875,0.19032258064516128,1.1090479937057431
10.0,27,C,1.0,1.0,0.0
10.0,28,E,0.21875,0.3709677419354839,0.0
10.0,29,R,0.1875,0.17096774193548386,0.6412726469288553
100.0,21,N,0.46875,0.5978494623655914,0.0
100.0,22,P,0.1875,0.26666666666666666,0.0
100.0,23,E,0.15625,0.13870967741935483,0.6824700460829491
100.0,24,T,0.46875,0.6161290322580645,2.0
100.0,25,K,0.5625,0.34301075268817205,0.42343123094206386
100.0,26,Q,0.1875,0.20967741935483872,1.8568056648308426
100.0,27,C,1.0,1.0,0.0
100.0,28,E,0.21875,0.4150537634408602,0.0
100.0,29,R,0.1875,0.1827956989247312,0.8979231109147151
500.0,21,N,0.46875,0.6150537634408603,0.0
500.0,22,P,0.1875,0.2763440860215054,0.0
500.0,23,E,0.15625,0.14193548387096774,0.7408663594470046
500.0,24,T,0.46875,0.6333333333333333,2.0
500.0,25,K,0.5625,0.35161290322580646,0.4460279248916707
500.0,26,Q,0.1875,0.20430107526881722,1.6490952006294264
500.0,27,C,1.0,1.0,0.0
500.0,28,E,0.21875,0.4258064516129032,0.0
500.0,29,R,0.1875,0.1827956989247312,0.8979231109147151
