accession,name,designated_set,marker_column,marker_residue,tyr_marker_positive,labels_agree,repository_activity_record,recorded_target,evidence_class
P0DL31,Omega-conotoxin_RsXXVIA,false,13,Y,true,false,false,,unannotated_background
P0DKQ6,Omega-conotoxin-like_CnVIIJ,false,13,R,false,true,false,,unannotated_background
P0DKQ5,Omega-conotoxin-like_CnVIIG,true,13,Y,true,true,false,,designation_only
P0DKQ4,Omega-conotoxin-like_CnVIIF,true,13,Y,true,true,false,,designation_only
P0DKQ3,Omega-conotoxin-like_CnVIIE,true,13,Y,true,true,false,,designation_only
P0DQD4,Omega_conotoxin-CVIF,true,13,Y,true,true,true,Cav2.2,activity_recorded_designated
Q9N633,Omega_conotoxin-CVIE,true,13,Y,true,true,true,Cav2.2,activity_recorded_designated
Q5K0D2,Omega-conotoxin-like_9,false,13,G,false,true,false,,unannotated_background
P83301,Omega-conotoxin-like_Vn2,false,13,-,false,true,false,,unannotated_background
P37300,Omega-conotoxin_MVIIC,false,13,Y,true,false,true,Cav2.1,activity_recorded_background
A0A384E129,Omega-conotoxin_MoVIA,true,13,R,false,false,false,,designation_only
P28880,Omega-conotoxin_SVIA,true,13,-,false,false,true,Cav2.2,activity_recorded_designated
Q3YED6,Omega-conotoxin-like_MaIr137,false,13,-,false,true,false,,unannotated_background
P05484,Omega-conotoxin_MVIIA,true,13,Y,true,true,true,Cav2.2,activity_recorded_designated
P0CY66,Omega-conotoxin_Bu8,true,13,Y,true,true,false,,designation_only
P0DW83,Conotoxin_FVIA,true,13,Y,true,true,false,,designation_only
Q5K0D8,Omega-conotoxin-like_2,false,13,K,false,true,false,,unannotated_background
A0A3G3C7U7,Omega-conotoxin-like_Am6.5,false,13,G,false,true,false,,unannotated_background
F2XFS9,Omega-conotoxin_Eu1.6,false,13,K,false,true,false,,unannotated_background
P58916,Omega-conotoxin-like_CnVIIH,true,13,Y,true,true,false,,designation_only
P0CY60,Omega-conotoxin-like_Bu1,false,13,Y,true,false,false,,unannotated_background
P56714,Omega-conotoxin_TxVII,false,13,L,false,true,false,,unannotated_background
P56712,Omega-conotoxin_PnVIA,false,13,G,false,true,false,,unannotated_background
P0CB10,Omega-conotoxin-like_Ai6.2,false,13,P,false,true,false,,unannotated_background
P0C8V8,Omega-conotoxin-like_Ac6.4,false,13,Y,true,false,false,,unannotated_background
P0C831,Omega-conotoxin-like_S6.6,false,13,Y,true,false,false,,unannotated_background
Q9U644,Omega-conotoxin-like_TxMKLT1-031,false,13,R,false,true,false,,unannotated_background
Q9BP99,Omega-conotoxin-like_ArMKLT1-02,false,13,S,false,true,false,,unannotated_background
Q5K0C0,Omega-conotoxin-like_3,false,13,L,false,true,false,,unannotated_background
Q5K0B9,Omega-conotoxin-like_2/7,false,13,P,false,true,false,,unannotated_background
P58920,Omega-conotoxin_CVID,true,13,Y,true,true,false,,designation_only
P58919,Omega-conotoxin_CVIC,true,13,Y,true,true,false,,designation_only
P58918,Omega-conotoxin_CVIB,true,13,Y,true,true,false,,designation_only
P58917,Omega-conotoxin_CVIA,true,13,Y,true,true,false,,designation_only
P58915,Omega-conotoxin_TVIA,true,13,Y,true,true,false,,designation_only
P58914,Omega-conotoxin_RVIA,true,13,Y,true,true,false,,designation_only
P28881,Omega-conotoxin_SVIB,true,13,Y,true,true,false,,designation_only
Q9XZL3,Omega-conotoxin-like_TxO6,false,13,R,false,true,false,,unannotated_background
Q9XZK5,Delta-conotoxin_SVIE,false,13,G,false,true,false,,unannotated_background
Q9XZK2,Omega-conotoxin_SO-3,true,13,Y,true,true,false,,designation_only
Q9XYZ0,Omega-conotoxin-like_PuIA,false,13,W,false,true,false,,unannotated_background
Q26350,Omega-conotoxin_MVIID,false,13,Y,true,false,true,Cav2.1/2.2,activity_recorded_background
P01522,Omega-conotoxin_GVIA,true,13,Y,true,true,false,,designation_only
P05485,Omega-conotoxin_MVIIB,true,13,Y,true,true,true,Cav2.2,activity_recorded_designated
A0A2L2P6T9,Omega-conotoxin-like_Am6.2,false,13,-,false,true,false,,unannotated_background
P56713,Omega-conotoxin_PnVIB,false,13,-,false,true,false,,unannotated_background
P0CB11,Omega-conotoxin-like_Ai6.3,false,13,-,false,true,false,,unannotated_background
P0C8V9,Omega-conotoxin-like_Ac6.5,false,13,K,false,true,false,,unannotated_background
P0C832,Omega-conotoxin-like_S6.7,false,13,R,false,true,false,,unannotated_background
Q3YEF3,Omega-conotoxin-like_TeA61,false,13,P,false,true,false,,unannotated_background
Q9U654,Omega-conotoxin-like_TxO5,false,13,Q,false,true,false,,unannotated_background
Q9U651,Omega-conotoxin-like_TxMKLT1-0141,false,13,P,false,true,false,,unannotated_background
Q9U650,Omega-conotoxin-like_TxMKLT1-0142,false,13,P,false,true,false,,unannotated_background
Q9U648,Omega-conotoxin-like_TxMKLT1-0211,false,13,-,false,true,false,,unannotated_background
Q9U647,Omega-conotoxin-like_TeAr94,false,13,-,false,true,false,,unannotated_background
Q9U645,Omega-conotoxin-like_TxMKLT1-0223,false,13,-,false,true,false,,unannotated_background
Q9BPA5,Omega-conotoxin-like_VnMKLT1-0111,false,13,-,false,true,false,,unannotated_background
Q9BH84,Omega-conotoxin-like_ArMKLT1-011,false,13,-,false,true,false,,unannotated_background
P69761,Omega-conotoxin-like_Vc6.4,false,13,-,false,true,false,,unannotated_background
Q5K0D3,Omega-conotoxin-like_6,false,13,R,false,true,false,,unannotated_background
Q5K0D6,Omega-conotoxin-like_12,false,13,K,false,true,false,,unannotated_background
Q5K0D5,Omega-conotoxin-like_15,false,13,-,false,true,false,,unannotated_background
Q5K0C4,Omega-conotoxin-like_1,false,13,-,false,true,false,,unannotated_background
Q9XZL5,Omega-conotoxin-like_SVIA_mutant_2,true,13,-,false,false,false,,designation_only
Q9XZL4,Omega-conotoxin-like_SVIA_mutant_1,true,13,-,false,false,false,,designation_only
Q9XZL2,Omega-conotoxin-like_TxO5,false,13,Q,false,true,false,,unannotated_background
Q9XZL1,Omega-conotoxin-like_TxO4,false,13,-,false,true,false,,unannotated_background
Q9XZL0,Omega-conotoxin-like_TxO3,false,13,-,false,true,false,,unannotated_background
Q9XZK9,Omega-conotoxin-like_TxO2,false,13,-,false,true,false,,unannotated_background
Q9XZK8,Omega-conotoxin-like_TxO1,false,13,P,false,true,false,,unannotated_background
Q9XZK4,Omega-conotoxin-like_SO-5,false,13,R,false,true,false,,unannotated_background
Q9XZK3,Omega-conotoxin-like_SO-4,false,13,K,false,true,false,,unannotated_background
Q9XYZ1,Omega-conotoxin-like_PuIIA,false,13,-,false,true,false,,unannotated_background
P0CY69,Omega-conotoxin-like_Bu11,false,13,K,false,true,false,,unannotated_background
