Position,WT_Residue,Role,Effect_of_mutation,Input_strong,SA_strong,SA_full,Citation
13,Y,Primary pharmacophore,Ala: abolishes activity; Phe: 100× loss,0.826,0.985,0.485,Kim et al. 1995; Schroeder et al. 1999
2,K,Loop 2 stabilization,Ala: 40× potency loss (GVIA),0.957,0.979,0.452,Sato et al. 1993; Schroeder et al. 2012
10,R,Loop 2 binding,Critical for channel interaction,0.696,0.834,0.365,Lewis et al. 2012
11,L,Loop 2 binding,Critical for channel interaction,0.174,0.199,0.127,Lewis et al. 2012
1,C,Disulfide framework,Required for fold,1.0,1.0,1.0,structural
8,C,Disulfide framework,Required for fold,1.0,1.0,1.0,structural
15,C,Disulfide framework,Required for fold,1.0,1.0,1.0,structural
16,C,Disulfide framework,Required for fold,1.0,1.0,1.0,structural
20,C,Disulfide framework,Required for fold,1.0,1.0,1.0,structural
25,C,Disulfide framework,Required for fold,1.0,1.0,1.0,structural
21,R,Electrostatic complementarity,Ala: reduced potency,0.478,0.524,0.145,Lewis et al. 2012
4,K,P/Q selectivity,Ala: important for P/Q binding,0.522,0.599,0.265,Sato et al. 2000
